"id","chromosome","gene","guid","mutation","publicId","refAllele","start","stop","varAllele"
"1","9","ABL1","510fb984-bee8-4859-b70e-e8abb31baaa3","G250E","M00000001","G","133738349","133738349","A"
"2","9","ABL1","e7672307-f07e-4185-b5b4-47e536b2b646","F317L","M00000002","C","133748290","133748290","G"
"3","9","ABL1","34728409-0601-4e2b-9feb-21e8d335f0d6","M351T","M00000003","T","133748391","133748391","C"
"4","9","ABL1","232ee830-c639-47ba-87b9-8236c4f89ce1","E355G","M00000004","A","133748403","133748403","G"
"5","9","ABL1","b66da6ed-9a4f-4aa4-9a07-31d75496860f","F359V","M00000005","T","133748414","133748414","G"
"6","9","ABL1","43649595-42da-46bc-b645-2528477eba6b","H396R","M00000006","A","133750356","133750356","G"
"7","9","ABL1","38916ff6-bdf8-4700-9482-e60bed091aac","Q252H","M00000007","G","133738356","133738356","C"
"8","9","ABL1","729a20f3-a854-406d-a8ad-22341df4a23a","Y253H","M00000008","T","133738357","133738357","C"
"9","9","ABL1","67b7b92a-14da-48fa-bdc0-f91339c7cdc2","Y253F","M00000009","A","133738358","133738358","T"
"10","9","ABL1","d2a81555-a154-404d-86be-44bb8776d827","E255K","M00000010","G","133738363","133738363","A"
"11","9","ABL1","d988995a-3dd5-4a92-836a-5159a1573edd","E255V","M00000011","A","133738364","133738364","T"
"12","9","ABL1","e2dd68d2-83fc-4336-a258-64e4522b8273","D276G","M00000012","A","133747520","133747520","G"
"13","9","ABL1","93a3c3ff-f93c-489c-adb8-e562b2b0f014","F311L","M00000013","T","133748270","133748270","C"
"14","9","ABL1","4917de74-0885-4e4c-a78d-6d5146c7ecae","T315I","M00000014","C","133748283","133748283","T"
"15","14","AKT1","9dddee76-bd8f-42b8-855a-6dddcf3a55ec","V461L","M00000015","C","105236740","105236740","A"
"16","14","AKT1","ec11d85c-2963-452a-81ea-fe8e2001c824","P388T","M00000016","G","105239225","105239225","T"
"17","14","AKT1","f6f6b83a-21f3-402a-b152-e368953a5974","L357T","M00000017","A","105239317","105239317","G"
"18","14","AKT1","cd991add-e9d5-4b72-854b-da434960e0b1","E319G","M00000018","T","105239589","105239589","C"
"19","14","AKT1","252a2843-f4c0-4861-b296-00ac94207b52","V167A","M00000019","A","105241480","105241480","G"
"20","14","AKT1","7bcba761-ab34-4506-a3da-39983a0e354b","Q43X","M00000020","G","105246473","105246473","A"
"21","14","AKT1","5d17aa5a-b925-4d46-9278-3d400ae4d49c","E17K","M00000021","C","105246551","105246551","-"
"22","19","AKT2","d3a794bf-1974-47d0-b3b7-1a42a0f41605","S302G","M00000022","T","40742220","40742220","C"
"23","19","AKT2","fcfe85cd-e19a-4835-bc74-a3fafca3b8a1","R371H","M00000023","C","40741860","40741860","T"
"24","7","BRAF","cbd533a2-8782-43e0-8c28-c6aa4f9d9226","G464R","M00000024","C","140481418","140481418","G"
"25","7","BRAF","f0aa0582-20cf-44c9-8568-4f5209dad1f1","F595L","M00000025","A","140453150","140453150","C"
"26","7","BRAF","ca2ea852-5ef5-418d-a40a-c887b48c98ef","G596R","M00000026","C","140453149","140453149","G"
"27","7","BRAF","01c5862e-e1c6-44a2-a340-c0541e7b0479","L597Q","M00000027","A","140453145","140453145","T"
"28","7","BRAF","e4f7d44c-446e-42cd-b66f-438d0e743b28","L597R","M00000028","A","140453145","140453145","C"
"29","7","BRAF","7eaf64a5-5196-4e47-a0d3-1fc60311db32","L597S","M00000029","AG","140453145","140453146","GA"
"30","7","BRAF","f65fb3c1-101f-4be0-b2fd-d7dfd9d7aee9","L597V","M00000030","G","140453146","140453146","C"
"31","7","BRAF","e266d4a4-5688-4c15-9795-92dd8c600a2b","T599I","M00000031","G","140453139","140453139","A"
"32","7","BRAF","9beb3427-42c3-4bc9-a0b0-da77c94c25af","V600E","M00000032","A","140453136","140453136","T"
"33","7","BRAF","0d43a961-f38e-4678-970c-e1fe794705b9","V600K","M00000033","AC","140453136","140453137","TT"
"34","7","BRAF","523000b4-d465-4ed4-a469-122dbb642d00","V600L","M00000034","C","140453137","140453137","G"
"35","7","BRAF","ea366991-f2b8-42e0-85bf-7828514b798e","V600R","M00000035","AC","140453136","140453137","CT"
"36","7","BRAF","0aff6fe8-fa40-49ef-be50-58f929a0b274","K601N","M00000036","T","140453132","140453132","A"
"37","7","BRAF","5410fa62-6bf4-4127-adb4-f868ea40bd24","K601E","M00000037","T","140453134","140453134","C"
"38","7","BRAF","bab96b21-480e-4a26-b656-ac54f221b901","G464E","M00000038","C","140481417","140481417","T"
"39","7","BRAF","0cca7177-924c-46f8-a416-ced8277ccf05","G464V","M00000039","C","140481417","140481417","A"
"40","7","BRAF","0db8aecf-4f12-4e5b-8e4d-b0b9dba7b285","G466R","M00000040","C","140481412","140481412","G"
"41","7","BRAF","4e13206d-ec52-45d6-a647-672767fc5589","F468C","M00000041","A","140481405","140481405","C"
"42","7","BRAF","fc351af2-2f2f-4775-af4d-6429f43fbd2e","G469A","M00000042","C","140481402","140481402","G"
"43","7","BRAF","487fa14d-1242-4bca-b69e-a2fbc9e12e41","G469E","M00000043","C","140481402","140481402","T"
"44","7","BRAF","59127305-ed90-4061-bf01-0828b2d36951","G469R","M00000044","C","140481403","140481403","T"
"45","7","BRAF","849eae9c-e6f1-43e0-9322-ba252a12d05a","G469S","M00000045","TCC","140481401","140481403","GCT"
"46","7","BRAF","a887d2b6-5142-432f-b33c-1b47151527ce","G469V","M00000046","C","140481402","140481402","A"
"47","7","BRAF","0e6e608b-867c-469d-aea6-a7cab586a879","D594V","M00000047","A","140453154","140453154","T"
"48","12","CDK4","bb896513-8c00-46ff-9b09-90327a020967","R24C","M00000048","G","58145431","58145431","A"
"49","12","CDK4","9dbd2628-97af-4286-a675-b8749c9e181b","R24H","M00000049","C","58145430","58145430","T"
"50","7","EGFR","ca105ca2-c49e-47e1-a494-3418f1966657","R108K","M00000050","G","55211080","55211080","A"
"51","7","EGFR","68996e60-6e27-4cdc-81a9-4d3f2acdbafa","S768I","M00000051","G","55249005","55249005","T"
"52","7","EGFR","4c3dfdac-7c10-44f5-93f1-6f50643d6afc","V769_D770insASV","M00000052","-","55249011","55249011","CCAGCGTGG"
"53","7","EGFR","e4a3b046-1e21-424e-9e8f-c629de9c4514","V769_D770insCV","M00000053","-","55249010","55249010","TGCGTG"
"54","7","EGFR","cf284515-c8c3-41d0-b57a-a228cce02397","D770_N771>AGG","M00000054","GACAAC","55249010","55249015","GCNGGNGGN"
"56","7","EGFR","add165c1-6583-491c-95f2-bf028d17d583","D770_N771insG","M00000056","C","55249012","55249012","G"
"57","7","EGFR","c01b8d40-2a1c-4e60-be3e-c6cbde0803b8","N771_P772>SVDNR","M00000057","C","55249017","55249017","GCGT"
"58","7","EGFR","0af0ea8b-cb02-4577-b2da-649f92290949","P772_H773insV","M00000058","C","55249017","55249017","GGT"
"59","7","EGFR","c44e5fd3-bcbf-4d57-9470-1cf798538eb8","H773>NPY","M00000059","C","55249019","55249019","AACCCCT"
"60","7","EGFR","7b14261e-e94f-4215-971d-c2ffb96d35ba","H773_V774insH","M00000060","-","55249022","55249022","CAC"
"61","7","EGFR","7784a458-09c0-49ed-a95a-870856b8daa9","H773_V774insNPH","M00000061","-","55249022","55249022","ACCCCCAC"
"62","7","EGFR","6eb7f150-eee7-41a3-8656-c39b5dcad360","H773_V774insPH","M00000062","-","55249022","55249022","CCCCAC"
"63","7","EGFR","f113cc6f-ec3e-4ed2-a111-fde59624fd48","V774_C775insHV","M00000063","-","55249024","55249024","CCACGT"
"64","7","EGFR","d902fee2-f4f2-4feb-a2f6-a3a8708842ec","T263P","M00000064","A","55221743","55221743","C"
"65","7","EGFR","880eb2ef-1381-4770-b215-1923e54315aa","T790M","M00000065","C","55249071","55249071","T"
"66","7","EGFR","bb90210c-a984-428d-9620-cd44ed219bab","L858R","M00000066","T","55259515","55259515","G"
"67","7","EGFR","8c52fa7f-8564-4f4c-a091-93e720a55cfe","L861Q","M00000067","T","55259524","55259524","A"
"68","7","EGFR","d9b68279-16ef-41f6-9fbd-f90708b6800b","A289V","M00000068","C","55221822","55221822","T"
"69","7","EGFR","d4762690-1a10-462a-af30-917271e9408b","G598V","M00000069","G","55233043","55233043","T"
"70","7","EGFR","951ec5b5-88e1-42dc-8e76-66d3ec2dff63","E709H","M00000070","GAA","55241677","55241679","CAT"
"71","7","EGFR","07b119be-b5df-4d4c-82cc-d89c187f48ba","E709K","M00000071","G","55241677","55241677","A"
"72","7","EGFR","7a647fb9-3ecd-47e2-aead-609c47645eb8","E709A","M00000072","A","55241678","55241678","C"
"73","7","EGFR","956dc56f-47af-455d-8b12-6385eb7827d1","E709G","M00000073","A","55241678","55241678","G"
"74","7","EGFR","fbc3defa-82f9-4236-8b07-58f6e6292bc2","E709V","M00000074","A","55241678","55241678","T"
"75","7","EGFR","49207ece-12ec-40fc-b01a-a34752e3e406","G719C","M00000075","G","55241707","55241707","T"
"76","7","EGFR","d612bf96-38c1-48b8-a470-b0a36c0cd61e","G719S","M00000076","G","55241707","55241707","A"
"77","7","EGFR","2e6dc6cc-8abe-48f4-a68a-5d075cc4ca20","G719A","M00000077","G","55241708","55241708","C"
"78","7","EGFR","535483c5-5688-41c7-ae6b-25ebd286182e","M766_A767insAI","M00000078","GCCAGC","55249001","55249006","GCCATA"
"79","7","EGFR","a241dda5-f057-489f-a07d-0963d88ffefb","A750P","M00000079","G","55242478","55242478","C"
"80","7","EGFR","568d50ee-b69c-47f9-b22c-fac123178a42","E746_A750del","M00000080","GAATTAAGAGAAGCA","55242466","55242480","-"
"81","7","EGFR","dae177ce-f72c-412d-be7b-747d37914f4d","E746_T751>A","M00000081","GAATTAAGAGAAGCAA","55242466","55242480","G"
"82","7","EGFR","acb2e5c1-f015-40da-a437-07ce15bf48b7","E746_A750>V","M00000082","GAATTAAGAGAAGCA","55242466","55242480","GTN"
"83","7","EGFR","419d7a8a-a095-4a7e-85ed-0bf0ac0b1b3b","E746_T751del","M00000083","GAATTAAGAGAAGCAACA","55242466","55242483","-"
"84","7","EGFR","dbb31723-9442-44ef-9bdf-baab247d94fa","E746_T751>I","M00000084","GAATTAAGAGAAGCAACA","55242466","55242483","ATN"
"85","7","EGFR","10959d55-2c4e-4195-8316-df23b74c33e5","E746_S752>D","M00000085","GAATTAAGAGAAGCAACATC","55242466","55242485","GA"
"86","7","EGFR","9b4b3548-a580-489d-b018-a262bac939f3","E746_T751>V","M00000086","GAATTAAGAGAAGCAACA","55242466","55242483","GTN"
"87","7","EGFR","8e5036d9-b689-4a34-b5c8-f84ade8031b7","L747_E749del","M00000087","TTAAGAGAA","55242469","55242477","-"
"88","7","EGFR","93cb1ff1-6859-45e1-b46d-45ddb757bf3a","L747_A750>P","M00000088","TTAAGAGAAG","55242469","55242478","C"
"89","7","EGFR","bf8fb269-eccf-4735-a8d1-72e0da1e9f80","L747_S752del","M00000089","TTAAGAGAAGCAACATCT","55242469","55242486","-"
"90","7","EGFR","9d392881-aa07-4818-961d-c3dbda791a53","L747_P753>S","M00000090","TTAAGAGAAGCAACATCTC","55242469","55242487","T"
"91","7","EGFR","de2ea166-32e3-485b-a687-195f587d3fad","L747_S752>Q","M00000091","TTAAGAGAAGCAACATCT","55242469","55242486","CCN"
"92","7","EGFR","89b6c8a4-c51c-46a5-a337-ded02d2ee8cf","L747_T751del","M00000092","TTAAGAGAAGCA","55242469","55242480","-"
"93","7","EGFR","51d5cbdd-76cf-4e68-8e81-a918084ee293","L747_T751>P","M00000093","TTAAGAGAAGCA","55242469","55242480","CCN"
"96","7","EGFR","10c8ffbe-b805-4ee1-bd0e-66496e528f30","T751A","M00000096","A","55242481","55242481","G"
"97","7","EGFR","85fde305-be40-4a6d-93fa-7e3ea1267980","T751I","M00000097","C","55242482","55242482","T"
"98","7","EGFR","9fe8f36b-8a12-4708-ae8c-9a32d1db78ed","T751P","M00000098","A","55242481","55242481","C"
"99","7","EGFR","4efbb401-9ea1-42f2-b421-47e8cf214cc1","S752_I759del","M00000099","TCTCCGAAAGCCAACAAGGAAATC","55242484","55242507","-"
"100","17","ERBB2","531e9983-65b8-4b80-9d7c-27c0e170abb1","L755P","M00000100","TTG","37880219","37880221","CCA"
"101","17","ERBB2","7177d178-326e-4223-a7b3-dc6170778d80","G776>LC","M00000101","G","37880997","37880997","CTTT"
"102","17","ERBB2","318990c7-a74b-4071-9aa3-27b134ae0eee","G776S","M00000102","G","37880997","37880997","A"
"103","17","ERBB2","11649501-0a50-44b8-a6ed-e7b865f00a3e","G776>VC","M00000103","-","37880998","37880998","TTT"
"104","17","ERBB2","3128d659-65e0-4917-b9cc-ae4d01d5447f","A775_G776insYVMA","M00000104","-","37880997","37880997","TACGTGATGGCT"
"105","17","ERBB2","10433206-8c48-413a-a016-0baae7fd20b2","P780_Y781insGSP","M00000105","-","37881011","37881011","GGCTCCCCA"
"107","17","ERBB2","9e000eac-8fc6-41f6-a56f-d6de6c912344","S779_P780insVGS","M00000107","-","37881008","37881008","CTGTGGGCT"
"108","8","FGFR1","a2bc5807-3158-406a-a0a7-475d76528892","S125L","M00000108","G","38285938","38285938","A"
"109","8","FGFR1","3900116c-248e-4ce5-bba2-c7eabea7a753","P252T","M00000109","G","38282209","38282209","T"
"110","4","FGFR3","c60a0c85-4ef7-4970-9198-f972f1ff615f","G370C","M00000110","G","1806089","1806089","T"
"111","4","FGFR3","9aea5355-ed68-4c19-a7ab-2edb9fb4dd3b","Y373C","M00000111","A","1806099","1806099","G"
"112","4","FGFR3","a1c2b4b1-6dad-4764-8500-8daa231ddd3a","A391E","M00000112","C","1806153","1806153","A"
"113","4","FGFR3","ceb93690-8e91-48c2-bce1-a1bdfd8d7cc1","K650E","M00000113","A","1807889","1807889","G"
"114","4","FGFR3","f1ce0486-f96b-4ab7-93a8-07ae2f694e19","K650Q","M00000114","A","1807889","1807889","C"
"115","4","FGFR3","ad137947-da10-4f1b-8a41-38ccabd6cee9","K650M","M00000115","A","1807890","1807890","T"
"116","4","FGFR3","fc9bf9be-b36b-4882-8a71-b3879c718fec","K650T","M00000116","A","1807890","1807890","C"
"117","13","FLT3","630a4c18-9ba8-4d87-8f78-c4f4a52693f6","I836del","M00000117","GAT","28592637","28592639","-"
"118","13","FLT3","6adf2e79-6ee9-425d-b26d-d80b97d21adf","D835H","M00000118","C","28592642","28592642","G"
"119","13","FLT3","bb006385-4bc7-4055-ae23-bd4dbcb9a9f3","D835Y","M00000119","C","28592642","28592642","A"
"120","11","HRAS","c4fdff65-6eff-4453-9b60-6137beb6c2b5","G12D","M00000120","C","534288","534288","T"
"121","11","HRAS","bc93dac0-8368-41eb-bdce-58abcc86a101","G12V","M00000121","C","534288","534288","A"
"122","11","HRAS","681eda17-4103-452b-8c50-e18e47b3e03c","G13C","M00000122","C","534286","534286","A"
"123","11","HRAS","cc9c39b3-d630-4b09-a7ec-1ba00bb850e5","G13R","M00000123","C","534286","534286","G"
"124","11","HRAS","d4c1cb23-51aa-46ab-bdeb-d28377edd43e","G13S","M00000124","C","534286","534286","T"
"125","11","HRAS","a7c366ec-ff66-45d4-82c1-5f17bcecd00f","Q61H","M00000125","C","533873","533873","G"
"127","11","HRAS","749d8d93-76bb-42aa-9c06-ebde0022c0b4","Q61L","M00000127","T","533874","533874","A"
"128","11","HRAS","1f28a183-f3b4-47d6-b15a-74d473027422","Q61P","M00000128","T","533874","533874","G"
"129","11","HRAS","587027cf-ca1d-4e2d-8244-b0c3c120bc5e","Q61R","M00000129","T","533874","533874","C"
"130","11","HRAS","89cb5cbc-c1f7-4de9-b8d1-584e1c2b3884","Q61K","M00000130","G","533875","533875","T"
"131","9","JAK2","6507c4ca-d4ef-4583-9469-22f87f00b8b4","V617F","M00000131","G","5073770","5073770","T"
"132","4","KIT","80a40509-f8be-44b4-a4c0-2d2fe9da77a5","D52N","M00000132","G","55561764","55561764","A"
"133","4","KIT","976d8715-21f1-413d-ac96-3bbb58ea2cc6","V559del","M00000133","GTT","55593609","55593611","-"
"134","4","KIT","537403ea-7bb1-45fc-8f11-b3bd6dfdb4d0","V559_V560del","M00000134","GTTGTT","55593609","55593614","-"
"135","4","KIT","6ba98dff-dcdf-45b7-a001-f55759127b3b","V560del","M00000135","GTT","55593612","55593614","-"
"136","4","KIT","4f155f43-9e5a-4b72-95c9-4b0ca924e6c2","P551_V555del","M00000136","CCCATGTATGAAGTA","55593585","55593599","-"
"137","4","KIT","afc924b1-da54-42ab-95d0-dd43ddf85f18","Y553_Q556del","M00000137","TATGAAGTACAG","55593591","55593602","-"
"138","4","KIT","c2217776-6ca0-4324-9f40-e0f7bb8f36d7","Y570_L576del","M00000138","TACATAGACCCAACACAACTT","55593642","55593662","-"
"139","4","KIT","bdca22ba-8295-4db7-b45c-c1c295186f83","E561K","M00000139","G","55593615","55593615","A"
"140","4","KIT","4b1cc38e-1013-4f41-97dd-e4ac5d9173b9","L576P","M00000140","T","55593661","55593661","C"
"141","4","KIT","40b04cba-c98f-42a2-a807-a1c50e9cd28d","P585P","M00000141","C","55593689","55593689","T"
"142","4","KIT","db60b1f6-f379-4d62-ba5c-698ea664dcab","D579del","M00000142","GAT","55593669","55593671","-"
"143","4","KIT","9bfea7b6-d5e5-422d-b668-5ba3041cd02b","Y503_F504insAY","M00000143","T","55592186","55592186","GCCTAT"
"144","4","KIT","28b4c076-11c0-4e0c-a4b4-bf35a334c4b1","K642E","M00000144","A","55594221","55594221","G"
"145","4","KIT","f777dac6-76de-4046-b4b6-56b925670b2f","D816V","M00000145","A","55599321","55599321","T"
"146","4","KIT","5f4c7f58-5608-4132-80b2-3080f06b2166","D816H","M00000146","G","55599320","55599320","C"
"147","4","KIT","fc5cce2e-b31b-4162-abdb-076fa4dec0c0","D816Y","M00000147","G","55599320","55599320","T"
"148","4","KIT","d61f761b-b697-433a-b4f5-ec0ea138e266","V825A","M00000148","T","55599348","55599348","C"
"149","4","KIT","6cf934e5-81d8-4f04-9542-3dce2a35b6b7","E839K","M00000149","G","55602694","55602694","A"
"150","4","KIT","24d4e8f8-93ba-4314-a50b-f1cb7e9d80d9","M552L","M00000150","A","55593588","55593588","C"
"151","4","KIT","ecb5d1d8-e460-44d5-9bb0-28e87e6dd1d4","Y568D","M00000151","T","55593636","55593636","G"
"152","4","KIT","ff270aeb-dcc9-4bfd-9a22-3507c5fa86ad","F584S","M00000152","T","55593685","55593685","C"
"153","4","KIT","d8dc62d2-9709-4305-b4e1-36b07b44302c","W557G","M00000153","T","55593603","55593603","G"
"154","4","KIT","faa19fac-d9d8-4425-8e7b-7eb7cde91abf","W557R","M00000154","T","55593603","55593603","C"
"156","4","KIT","2a08d9ad-1ec3-43f0-a152-e341964dccbc","V559A","M00000156","T","55593610","55593610","C"
"157","4","KIT","a47394d4-690b-42dc-a798-37bb904dadc5","V559D","M00000157","T","55593610","55593610","A"
"158","4","KIT","b878b161-5af6-47a0-bc09-155d869c8680","V559G","M00000158","T","55593610","55593610","G"
"159","4","KIT","d24eff5f-f227-4701-921e-7005a2cfacd5","V559I","M00000159","G","55593609","55593609","A"
"160","4","KIT","56cc696d-f7f0-41e9-956f-9f53ae278da5","V560D","M00000160","T","55593613","55593613","A"
"161","4","KIT","7b451435-f3b8-41c1-a2fe-34a63438c990","V560G","M00000161","T","55593613","55593613","G"
"162","4","KIT","8e1e37ab-b26f-47b1-8050-19237606290b","K550_K558del","M00000162","AAACCCATGTATGAAGTACAGTGGAAG","55593582","55593608","-"
"163","4","KIT","b7009ad0-266b-4922-8a53-c25dda333365","K558_V560del","M00000163","AAACCCATGTATGAAGTACAGTGGAAGGTTGTT","55593582","55593614","-"
"164","4","KIT","02f121cf-657d-4b74-8c99-fdbd4e81d7fe","K558_E562del","M00000164","AAACCCATGTATGAAGTACAGTGGAAGGTTGTTGAGGAG","55593582","55593620","-"
"165","12","KRAS","6c4d547f-e19a-4d5d-b617-adcb1d0ff498","G12A","M00000165","C","25398284","25398284","G"
"166","12","KRAS","74c61d56-968d-47a5-9570-da42218644cf","G12C","M00000166","C","25398285","25398285","A"
"167","12","KRAS","eaa4a82e-1964-491b-8bea-c3500dc93808","G12D","M00000167","C","25398284","25398284","T"
"168","12","KRAS","21636cb8-3166-4205-bed7-f9b1f571c48e","G12F","M00000168","CC","25398284","25398285","AA"
"169","12","KRAS","22dfd728-1bcd-46d3-a3c8-3970ff705858","G12R","M00000169","C","25398285","25398285","G"
"170","12","KRAS","653bf7fd-8813-44d9-bc6b-1bab5fd2f569","G12S","M00000170","C","25398285","25398285","T"
"171","12","KRAS","5fda0b99-42b6-451d-9b71-aa16959b6d59","G12V","M00000171","C","25398284","25398284","A"
"172","12","KRAS","06f8b00c-13a5-4b5b-aa3c-179a3d86f2f4","G13D","M00000172","C","25398281","25398281","T"
"173","12","KRAS","47ccde91-0f3f-43b4-8db1-0b3a8c566516","G13V","M00000173","C","25398281","25398281","A"
"174","12","KRAS","6cb76df7-477b-4624-8d59-09cb54956433","A59T","M00000174","C","25380283","25380283","T"
"175","12","KRAS","eb1436b4-ad5f-415e-95c8-38ef71dbe830","Q61E","M00000175","G","25380277","25380277","C"
"176","12","KRAS","794c8642-b5aa-460e-ae6f-bf31b7e26786","Q61K","M00000176","G","25380277","25380277","T"
"177","12","KRAS","c1f34a01-ce2b-4200-b1aa-f1b2b6ea8ab3","Q61L","M00000177","T","25380276","25380276","A"
"178","12","KRAS","783b4c8b-38bb-4346-9edd-78597b9b08d5","Q61P","M00000178","T","25380276","25380276","G"
"179","12","KRAS","dcc3cd72-1be0-4c41-8e1e-1be78a31c7e6","Q61R","M00000179","T","25380276","25380276","C"
"180","12","KRAS","679f5fc2-42e3-4faa-944d-f51e59e5e14f","Q61H","M00000180","T","25380275","25380275","A"
"182","7","MET","06bd5106-9364-4b7b-aa2d-80b782f6d247","R970C","M00000182","C","116411923","116411923","T"
"183","7","MET","2bdb252a-85da-4495-85c7-77c5879e0cf8","T992I","M00000183","C","116411990","116411990","T"
"184","7","MET","9070c16e-afbc-48c7-85b4-9f2c65426595","Y1230C","M00000184","A","116423414","116423414","G"
"185","7","MET","d9254586-e14b-4adf-9b7d-548c4713259a","Y1235D","M00000185","T","116423428","116423428","G"
"186","7","MET","d1b1f3bd-ae1e-40f8-adfb-267eba2f6c87","M1250T","M00000186","T","116423474","116423474","C"
"187","1","NRAS","b5b37222-cba6-4fce-ab98-af5021426b55","G12A","M00000187","C","115258747","115258747","G"
"188","1","NRAS","7441714f-6d11-4c09-814c-9a58bb8391df","G12D","M00000188","C","115258747","115258747","T"
"189","1","NRAS","1b118a14-0bdc-46cf-b15b-fb3bfc2d6095","G12V","M00000189","C","115258747","115258747","A"
"190","1","NRAS","4ff60c22-a76f-4554-845b-52cc3e0ba085","G12C","M00000190","C","115258748","115258748","A"
"191","1","NRAS","3a4cd9db-19e2-4949-ae64-dd0a21230b70","G12R","M00000191","C","115258748","115258748","G"
"192","1","NRAS","117fe35d-cba5-4984-bf91-1263f03e8f88","G12S","M00000192","C","115258748","115258748","T"
"193","1","NRAS","4a5a1615-b43a-4330-801e-57625647cff2","G13A","M00000193","C","115258744","115258744","G"
"194","1","NRAS","7fa366f4-7af4-49b2-aa59-a6e5913fc1d3","G13D","M00000194","C","115258744","115258744","T"
"195","1","NRAS","f8fc54ae-7a6a-470d-8eb2-5df991709626","G13V","M00000195","C","115258744","115258744","A"
"196","1","NRAS","34ca8861-51f5-40fb-9de1-19d04ccc8fc3","G13C","M00000196","C","115258745","115258745","A"
"197","1","NRAS","4908910e-e1a0-4016-a503-ac9b38abf5a4","G13R","M00000197","C","115258745","115258745","G"
"198","1","NRAS","84d25739-72cf-4f6f-9000-7015eaa259f9","G13S","M00000198","C","115258745","115258745","T"
"199","1","NRAS","5b1b19b2-a0d4-40f8-9276-9d5208b3198a","A18T","M00000199","C","115258730","115258730","T"
"200","1","NRAS","6f9c9da0-a904-4e85-a076-7d4653e0d573","Q61L","M00000200","T","115256529","115256529","A"
"201","1","NRAS","b6aaa037-adca-4cb7-88cb-181648a3b350","Q61P","M00000201","T","115256529","115256529","G"
"202","1","NRAS","e4ed750e-9801-4261-9514-65631f18767e","Q61R","M00000202","T","115256529","115256529","C"
"203","1","NRAS","ae317136-14dc-43f9-bec7-817526c3eea7","Q61H","M00000203","T","115256528","115256528","A"
"204","1","NRAS","53535ca3-2b40-4705-b915-605d0572b4fc","Q61E","M00000204","G","115256530","115256530","C"
"205","1","NRAS","a7ce1715-95d3-4c6d-a108-489ff7b6a791","Q61K","M00000205","G","115256530","115256530","T"
"206","4","PDGFRA","b35bfc83-5b16-459d-823d-1d79f0057142","V561D","M00000206","T","55141036","55141036","A"
"207","4","PDGFRA","82062d48-e712-416e-8896-5ddcb11464ea","I843_S847>T","M00000207","ATCATGCATGATTCG","55152095","55152109","ACN"
"208","4","PDGFRA","b7d91bc5-a7ff-457c-b1ea-4fc050a8793f","D842V","M00000208","A","55152093","55152093","T"
"209","4","PDGFRA","f931707d-3172-4d35-81b0-83cd9aaeae90","T674I","M00000209","C","55144547","55144547","T"
"210","4","PDGFRA","d00d156b-3971-4cbb-8c7d-0abe0e368e52","F808L","M00000210","T","55151636","55151636","C"
"211","4","PDGFRA","7a793cba-519a-4423-b2c4-43f69ce6197d","D846Y","M00000211","G","55152104","55152104","T"
"212","4","PDGFRA","8e289ce1-bafe-42a5-8dc8-6b67ce2c7cd0","N870S","M00000212","A","55153643","55153643","G"
"213","4","PDGFRA","e67b9506-5a57-4807-8c46-9e23a833910f","D1071N","M00000213","G","55161380","55161380","A"
"214","4","PDGFRA","fb61ad53-2ffd-431f-b4f0-2be7e01e46b1","D842_H845del","M00000214","GACATCATGCAT","55152092","55152103","-"
"215","4","PDGFRA","1d39e9e1-d7f6-4630-bfb5-d2141090635a","I843_D846del","M00000215","ATCATGCATGAT","55152095","55152106","-"
"216","4","PDGFRA","f6c353ab-4b75-4a8b-ad5e-89021e570a23","S566_E571>K","M00000216","AGCCCAGATGGACATGAA","55141050","55141067","-"
"217","3","PIK3CA","73c49502-f2fe-443b-94d1-c933d33db1be","R88Q","M00000217","G","178916876","178916876","A"
"218","3","PIK3CA","95909fd1-b34c-4d60-821f-23bdb9dee0ed","H1047Y","M00000218","C","178952084","178952084","T"
"219","3","PIK3CA","c7db8ba6-af35-45f7-85ec-73e356818861","R38H","M00000219","G","178916726","178916726","A"
"220","3","PIK3CA","d8a6bad7-4a35-45ce-b453-33c6a436d718","C901F","M00000220","G","178947827","178947827","T"
"221","3","PIK3CA","14431869-6bb4-4ade-8805-8744b152cc6a","M1043I","M00000221","G","178952074","178952074","A"
"222","3","PIK3CA","949a9ea4-a715-44cc-b05c-940064e9a39c","N345K","M00000222","T","178921553","178921553","A"
"223","3","PIK3CA","96ac2c40-b54f-43ba-9d54-7e72711e89f6","C420R","M00000223","T","178927980","178927980","C"
"224","3","PIK3CA","6a64d867-ce74-49df-a636-d14a2760dd51","P539R","M00000224","C","178936074","178936074","G"
"225","3","PIK3CA","c9413031-af5b-4d7e-a811-051201f60181","E542K","M00000225","G","178936082","178936082","A"
"226","3","PIK3CA","419184b0-2e2f-4ea4-87e3-d60b24b44451","E545K","M00000226","G","178936091","178936091","A"
"227","3","PIK3CA","27e4abe8-5d23-4560-a702-fc40a0d49dbb","Q546K","M00000227","C","178936094","178936094","A"
"228","3","PIK3CA","a8062cf5-410d-4ac7-a29a-c1ea224fa350","H701P","M00000228","A","178938860","178938860","C"
"229","3","PIK3CA","43fdeee2-e953-4f0b-b6c5-84284988a017","H1047L","M00000229","A","178952085","178952085","T"
"230","3","PIK3CA","4f863b51-bfd7-4a0b-860e-c0ceea84a255","H1047R","M00000230","A","178952085","178952085","G"
"231","10","RET","a2dd9f83-09ee-4a6a-a1ff-d0ecd2e8a575","C634R","M00000231","T","43609948","43609948","C"
"232","10","RET","769d38a4-e030-4e11-b023-987d388e244f","C634W","M00000232","C","43609950","43609950","G"
"233","10","RET","62b723da-e53d-477c-a4e0-3f64812fb011","C634Y","M00000233","G","43609949","43609949","A"
"234","10","RET","c1c81694-d3a3-474f-ae80-20d5cd621952","E632_L633del","M00000234","G","43609942","43609942","GAGCTG"
"235","10","RET","628f0c70-82bb-4911-a4e0-eff7bc96ee13","M918T","M00000235","T","43617416","43617416","C"
"236","10","RET","f36f77f5-4ddb-48d0-aa74-ae48dffec1c2","A664D","M00000236","C","43610039","43610039","A"
"237","4","PDGFRA","60d214fe-b194-40fb-b11d-f65098282b84","P567P","M00000237","A","55141055","55141055","G"
"240","4","FGFR3","b972a709-c284-4199-9fe9-02d36a3d24b0","T651T","M00000240","G","1807894","1807894","A"
"241","4","PDGFRA","39428b2f-355b-4677-bb6a-2a84376af6d0","R718W","M00000241","C","55144678","55144678","T"
"244","14","AKT1","d182c25a-b721-11e1-83be-e19b662caad1","E341K","M00000254","C","105239366","105239366","T"
"245","7","EGFR","d5fb7f66-b721-11e1-83be-e19b662caad1","Q787L","M00000255","A","55249062","55249062","T"
"246","10","RET","d9fa8b8e-b721-11e1-83be-e19b662caad1","G691S","M00000256","G","43610119","43610119","A"
"247","4","KIT","ddbec17c-b721-11e1-83be-e19b662caad1","N822K","M00000257","T","55599340","55599340","A"
"248","12","KRAS","65899af7-37f9-4e84-bc08-5e169bbfd486","Q22K","M00000248","G","25398255","25398255","T"
"249","7","BRAF","e210c1bc-b721-11e1-83be-e19b662caad1","G466E","M00000258","C","140481411","140481411","T"
"250","3","PIK3CA","e6b2fa78-b721-11e1-83be-e19b662caad1","N1044K","M00000259","T","178952077","178952077","A"
"251","3","PIK3CA","7f7c89fb-89fc-40e0-b17f-1dc0dc213c48","R108H","M00000251","G","178916936","178916936","A"
"252","9","ABL1","028f0bc2-2c7c-4d3b-8c39-a0076b4b3ae7","T212M","M00000252","C","133738235","133738235","T"
"253","12","CDK4","fbc71f7e-7dd4-11e1-bdc2-525400000099","R24L","M00000252","G","58142003","58142003","T"
"254","4","KIT","fdee8ffa-8f07-11e1-851e-f5300eb87210","V654M","M00000253","A","55594257","55594257","G"
"255","7","BRAF","cf36112c-b3da-11e1-83be-e19b662caad1","D594G","M00000260","A","140453154","140453154","G"